orgId	expName	Description	timeZeroSet	num	nMapped	nPastEnd	nGenic	nUsed	gMed	gMedt0	gMean	cor12	mad12	mad12c	mad12c_t0	opcor	adjcor	gccor	maxFit	Group	expDescLong	mutantLibrary	person	Date_pool_expt_started	SetName	Index	media	temperature	pH	vessel	aerobic	liquid	shaking	condition_1	units_1	concentration_1	condition_2	units_2	concentration_2	condition_3	units_3	concentration_3	condition_4	units_4	concentration_4	growthPlate	growthWells
Putida	set10IT008	L-Glutamic (C)	10/1/18 Putida_ML5_set10	192	2892124	37731	1713053	1710210	130	814	357.934282126413	0.226754906198828	0.251637730387392	0.986579484237678	0.920479660356474	0.205177641064382	-0.0316495310183344	-0.00740277514882142	6.47388141160224	carbon source	L-Glutamic acid monopotassium salt monohydrate carbon source	Putida_ML5_JBEI	Mitchell Thompson	10/1/18	Putida_ML5_set10	IT008	MOPS minimal media_noCarbon	30		tube	Aerobic	Liquid	200 rpm	L-Glutamic acid monopotassium salt monohydrate	mM	10											
Putida	set10IT043	succinate (C)	10/18/18 Putida_ML5_set10	227	3535262	29204	2235981	2229776	308	798	466.675596483884	0.10827775753516	0.191648836564193	0.939144794613147	0.928615366763234	0.0957068523929625	0.0253881561709133	-0.0211668719780982	1.79039553992792	carbon source	Sodium succinate dibasic hexahydrate carbon source	Putida_ML5_JBEI	Mitchell Thompson	10/18/18	Putida_ML5_set10	IT043	MOPS minimal media_noCarbon	30		tube	Aerobic	Liquid	200 rpm	Sodium succinate dibasic hexahydrate	mM	10											
Putida	set10IT044	a-Ketoglutaric (C)	10/18/18 Putida_ML5_set10	228	3082367	25606	1952046	1945918	278	798	407.266220175806	0.207134170426975	0.19642484446965	0.936088236179807	0.928615366763234	0.176477694312892	0.0357746620604485	0.0147858498834917	2.46853400207304	carbon source	a-Ketoglutaric acid disodium salt hydrate carbon source	Putida_ML5_JBEI	Mitchell Thompson	10/18/18	Putida_ML5_set10	IT044	MOPS minimal media_noCarbon	30		tube	Aerobic	Liquid	200 rpm	a-Ketoglutaric acid disodium salt hydrate	mM	10											
Putida	set10IT053	butyrate (C)	10/18/18 Putida_ML5_set10	237	3249315	16448	1953551	1950559	138	798	408.237547090833	0.229648411073675	0.245635668894167	0.967938790767701	0.928615366763234	0.13141867857434	0.0672376429888433	-0.036468730370841	5.65635643930311	carbon source	Sodium butyrate carbon source	Putida_ML5_JBEI	Mitchell Thompson	10/18/18	Putida_ML5_set10	IT053	MOPS minimal media_noCarbon	30		tube	Aerobic	Liquid	200 rpm	Sodium butyrate	mM	10											
Putida	set12IT001	Vanillin (C)	12-Feb-19 Putida_ML5_set12	275	3003328	24289	1900175	1896117	245	1411	396.843239849309	0.245406342533927	0.225546963755856	0.95880088282885	0.935587322942938	0.192081373554469	0.0252388636162794	-0.0423997269132913	4.16535815315575	carbon source	Vanillin carbon source	Putida_ML5_JBEI	Matthew Incha	12-Feb-19	Putida_ML5_set12	IT001	MOPS minimal media_noCarbon	30		96 deep-well microplate; 1.2 mL volume	Aerobic	Liquid	700rpm	Vanillin	mM	10	Dimethyl Sulfoxide	vol%	1								
Putida	set12IT002	1,2-Propanediol (C)	12-Feb-19 Putida_ML5_set12	276	3165470	30837	1998749	1992752	285	1411	417.06822938468	0.196818944684169	0.201451150988562	0.945033540782072	0.935587322942938	0.200251069818683	0.0484370869811707	-0.0310149165168752	1.61134325628618	carbon source	1,2-Propanediol carbon source	Putida_ML5_JBEI	Matthew Incha	12-Feb-19	Putida_ML5_set12	IT002	MOPS minimal media_noCarbon	30		96 deep-well microplate; 1.2 mL volume	Aerobic	Liquid	700rpm	1,2-Propanediol	mM	10	Dimethyl Sulfoxide	vol%	1								
Putida	set12IT004	propionate (C)	12-Feb-19 Putida_ML5_set12	278	2875746	16913	1886909	1882109	229	1411	393.911469233989	0.180280188020253	0.226606062024221	0.97982211806237	0.935587322942938	0.139363473113911	0.00213818136539075	-0.0179651374261592	5.2621396057076	carbon source	Sodium propionate carbon source	Putida_ML5_JBEI	Matthew Incha	12-Feb-19	Putida_ML5_set12	IT004	MOPS minimal media_noCarbon	30		96 deep-well microplate; 1.2 mL volume	Aerobic	Liquid	700rpm	Sodium propionate	mM	10	Dimethyl Sulfoxide	vol%	1								
Putida	set12IT007	2-methyl-1-butanol (C)	12-Feb-19 Putida_ML5_set12	281	2926859	12865	1864078	1858678	263.5	1411	389.007534533278	0.22136271970554	0.208634303371767	0.971356861545058	0.935587322942938	0.210093698893654	-0.00650745274534671	-0.0429294000586789	2.22655994	carbon source	2-methyl-1-butanol carbon source	Putida_ML5_JBEI	Matthew Incha	12-Feb-19	Putida_ML5_set12	IT007	MOPS minimal media_noCarbon	30		96 deep-well microplate; 1.2 mL volume	Aerobic	Liquid	700rpm	2-methyl-1-butanol	mM	10	Dimethyl Sulfoxide	vol%	1								
Putida	set12IT008	1,5-Pentanediol (C)	12-Feb-19 Putida_ML5_set12	282	2494791	17485	1578965	1574833	214	1411	329.600879028882	0.200959380309377	0.199119723515219	0.986410935252046	0.935587322942938	0.221942629103808	0.0410160968994438	-0.0280131392367739	3.53694491346143	carbon source	1,5-Pentanediol carbon source	Putida_ML5_JBEI	Matthew Incha	12-Feb-19	Putida_ML5_set12	IT008	MOPS minimal media_noCarbon	30		96 deep-well microplate; 1.2 mL volume	Aerobic	Liquid	700rpm	1,5-Pentanediol	mM	10	Dimethyl Sulfoxide	vol%	1								
Putida	set12IT009	1,4-Butanediol (C)	12-Feb-19 Putida_ML5_set12	283	2274799	23248	1348294	1344938	168	1411	281.485558811218	0.244834508584367	0.233589327235852	0.973176211924289	0.935587322942938	0.236842731422848	0.0432978906319543	-0.0491761713958911	7.44652370155271	carbon source	1,4-Butanediol carbon source	Putida_ML5_JBEI	Matthew Incha	12-Feb-19	Putida_ML5_set12	IT009	MOPS minimal media_noCarbon	30		96 deep-well microplate; 1.2 mL volume	Aerobic	Liquid	700rpm	1,4-Butanediol	mM	10	Dimethyl Sulfoxide	vol%	1								
Putida	set12IT014	Vanillic Acid (C)	12-Feb-19 Putida_ML5_set12	288	3025671	23054	1921178	1915515	273	1411	400.903097530347	0.199698737950124	0.220360073879366	0.974909019037169	0.935587322942938	0.184636502047186	0.0105466383782114	-0.0405631396797056	1.91611121884435	carbon source	Vanillic Acid carbon source	Putida_ML5_JBEI	Matthew Incha	12-Feb-19	Putida_ML5_set12	IT014	MOPS minimal media_noCarbon	30		96 deep-well microplate; 1.2 mL volume	Aerobic	Liquid	700rpm	Vanillic Acid	mM	10	Dimethyl Sulfoxide	vol%	1								
Putida	set12IT015	Protocatechuic Acid (C)	12-Feb-19 Putida_ML5_set12	289	2933688	16325	1857863	1853114	250	1411	387.843030556718	0.183774457343819	0.212809381235803	0.968635829090665	0.935587322942938	0.144861743570833	0.0215764702470433	-0.0337281333676583	3.12476928273372	carbon source	Protocatechuic Acid carbon source	Putida_ML5_JBEI	Matthew Incha	12-Feb-19	Putida_ML5_set12	IT015	MOPS minimal media_noCarbon	30		96 deep-well microplate; 1.2 mL volume	Aerobic	Liquid	700rpm	Protocatechuic Acid	mM	10	Dimethyl Sulfoxide	vol%	1								
Putida	set12IT016	4-Hydroxybenzoic Acid (C)	12-Feb-19 Putida_ML5_set12	290	2920078	16183	1861812	1856284	254	1411	388.506488070322	0.198760713581766	0.204510397451372	0.971430847803229	0.935587322942938	0.184628762325487	0.0457790721187014	-0.0271560516670685	2.73570764853926	carbon source	4-Hydroxybenzoic Acid carbon source	Putida_ML5_JBEI	Matthew Incha	12-Feb-19	Putida_ML5_set12	IT016	MOPS minimal media_noCarbon	30		96 deep-well microplate; 1.2 mL volume	Aerobic	Liquid	700rpm	4-Hydroxybenzoic Acid	mM	10	Dimethyl Sulfoxide	vol%	1								
Putida	set12IT017	Protocatechuic Acid (C)	12-Feb-19 Putida_ML5_set12	291	2932532	15130	1853085	1848086	245	1411	386.790707408958	0.195109247245643	0.214745379903724	0.959736129786273	0.935587322942938	0.177969278622668	0.0894795327009608	-0.0320801502539621	3.74235271497757	carbon source	Protocatechuic Acid carbon source	Putida_ML5_JBEI	Matthew Incha	12-Feb-19	Putida_ML5_set12	IT017	MOPS minimal media_noCarbon	30		96 deep-well microplate; 1.2 mL volume	Aerobic	Liquid	700rpm	Protocatechuic Acid	mM	10	Dimethyl Sulfoxide	vol%	1								
Putida	set12IT024	p-Coumaric (C)	12-Feb-19 Putida_ML5_set12	298	2310565	12968	1469225	1465284	205	1411	306.673084972792	0.213055979646756	0.19567200629668	0.965938163926368	0.935587322942938	0.253824899323792	-0.00140364429703049	-0.0383720385205321	1.99411302762625	carbon source	p-Coumaric acid carbon source	Putida_ML5_JBEI	Matthew Incha	12-Feb-19	Putida_ML5_set12	IT024	MOPS minimal media_noCarbon	30		96 deep-well microplate; 1.2 mL volume	Aerobic	Liquid	700rpm	p-Coumaric acid	mM	10	Dimethyl Sulfoxide	vol%	1								
Putida	set12IT025	benzoic (C)	12-Feb-19 Putida_ML5_set12	299	3299200	17583	2097175	2090991	295	1411	437.628924236082	0.232784997304643	0.220713049408245	0.946888663540438	0.935587322942938	0.229527726956816	0.0545297865179265	-0.0245841300476166	2.01246880307185	carbon source	benzoic acid carbon source	Putida_ML5_JBEI	Matthew Incha	12-Feb-19	Putida_ML5_set12	IT025	MOPS minimal media_noCarbon	30		96 deep-well microplate; 1.2 mL volume	Aerobic	Liquid	700rpm	benzoic acid	mM	10	Dimethyl Sulfoxide	vol%	1								
Putida	set12IT026	Ferulic Acid (C)	12-Feb-19 Putida_ML5_set12	300	2995623	16413	1899083	1893753	252.5	1411	396.348472164085	0.23452184387338	0.195975519918726	0.956056652412403	0.935587322942938	0.269728804802554	0.00170741552908291	-0.0296447171897235	3.68444610123757	carbon source	Ferulic Acid carbon source	Putida_ML5_JBEI	Matthew Incha	12-Feb-19	Putida_ML5_set12	IT026	MOPS minimal media_noCarbon	30		96 deep-well microplate; 1.2 mL volume	Aerobic	Liquid	700rpm	Ferulic Acid	mM	10	Dimethyl Sulfoxide	vol%	1								
Putida	set12IT027	D-Glucose (C)	12-Feb-19 Putida_ML5_set12	301	3101912	23276	1964317	1958394	279	1411	409.877354541649	0.167366843748154	0.189131985986172	0.951390055775378	0.935587322942938	0.150238763233325	0.0133883101158616	-0.0226430393057233	1.74798368863757	carbon source	D-Glucose carbon source	Putida_ML5_JBEI	Matthew Incha	12-Feb-19	Putida_ML5_set12	IT027	MOPS minimal media_noCarbon	30		96 deep-well microplate; 1.2 mL volume	Aerobic	Liquid	700rpm	D-Glucose	mM	10	Dimethyl Sulfoxide	vol%	1								
Putida	set12IT028	L-Glutamic (C)	12-Feb-19 Putida_ML5_set12	302	2905160	22756	1841415	1836248	245	1411	384.313101716199	0.206360725556778	0.199309085084084	0.96743213754357	0.935587322942938	0.143463665579214	0.0587748222318131	-0.0106990693154462	3.51306336561761	carbon source	L-Glutamic acid monopotassium salt monohydrate carbon source	Putida_ML5_JBEI	Matthew Incha	12-Feb-19	Putida_ML5_set12	IT028	MOPS minimal media_noCarbon	30		96 deep-well microplate; 1.2 mL volume	Aerobic	Liquid	700rpm	L-Glutamic acid monopotassium salt monohydrate	mM	10	Dimethyl Sulfoxide	vol%	1								
Putida	set12IT029	Phenylacetic (C)	12-Feb-19 Putida_ML5_set12	303	2988686	19815	1898652	1893588	244.5	1411	396.313938886563	0.24326795114786	0.212438998272594	0.961005868384137	0.935587322942938	0.194156631184537	0.027069987705639	-0.0426740699142169	3.89278565060302	carbon source	Phenylacetic acid carbon source	Putida_ML5_JBEI	Matthew Incha	12-Feb-19	Putida_ML5_set12	IT029	MOPS minimal media_noCarbon	30		96 deep-well microplate; 1.2 mL volume	Aerobic	Liquid	700rpm	Phenylacetic acid	mM	10	Dimethyl Sulfoxide	vol%	1								
Putida	set12IT031	Vanillin (C)	12-Feb-19 Putida_ML5_set12	305	3070818	24316	1940307	1934860	256.5	1411	404.95186270406	0.221586198243114	0.231278558902142	0.963474123974886	0.935587322942938	0.202834208998456	0.0351338285649193	-0.0373296682887768	3.56079946751659	carbon source	Vanillin carbon source	Putida_ML5_JBEI	Matthew Incha	12-Feb-19	Putida_ML5_set12	IT031	MOPS minimal media_noCarbon	30		96 deep-well microplate; 1.2 mL volume	Aerobic	Liquid	700rpm	Vanillin	mM	10	Dimethyl Sulfoxide	vol%	1								
Putida	set12IT032	1,2-Propanediol (C)	12-Feb-19 Putida_ML5_set12	306	2701070	22494	1708556	1703714	245	1411	356.574717455002	0.211578709045902	0.177499944798641	0.947953252230405	0.935587322942938	0.191257844088849	0.0878546842910483	-0.0315525002444677	1.14394541431711	carbon source	1,2-Propanediol carbon source	Putida_ML5_JBEI	Matthew Incha	12-Feb-19	Putida_ML5_set12	IT032	MOPS minimal media_noCarbon	30		96 deep-well microplate; 1.2 mL volume	Aerobic	Liquid	700rpm	1,2-Propanediol	mM	10	Dimethyl Sulfoxide	vol%	1								
Putida	set12IT034	propionate (C)	12-Feb-19 Putida_ML5_set12	308	2572314	13505	1629908	1625490	222	1411	340.203013813311	0.181994892364482	0.216062145002501	0.960107272876487	0.935587322942938	0.149704198716556	0.0265630812895087	-0.030761861336437	3.23111043733035	carbon source	Sodium propionate carbon source	Putida_ML5_JBEI	Matthew Incha	12-Feb-19	Putida_ML5_set12	IT034	MOPS minimal media_noCarbon	30		96 deep-well microplate; 1.2 mL volume	Aerobic	Liquid	700rpm	Sodium propionate	mM	10	Dimethyl Sulfoxide	vol%	1								
Putida	set12IT037	2-methyl-1-butanol (C)	12-Feb-19 Putida_ML5_set12	311	3674960	13871	2336970	2330033	330.5	1411	487.65864378401	0.234886355840113	0.183965182980869	0.950644159168794	0.935587322942938	0.201859391265373	0.0220825810689422	-0.0391919907089045	2.11116343977108	carbon source	2-methyl-1-butanol carbon source	Putida_ML5_JBEI	Matthew Incha	12-Feb-19	Putida_ML5_set12	IT037	MOPS minimal media_noCarbon	30		96 deep-well microplate; 1.2 mL volume	Aerobic	Liquid	700rpm	2-methyl-1-butanol	mM	10	Dimethyl Sulfoxide	vol%	1								
Putida	set12IT038	1,5-Pentanediol (C)	12-Feb-19 Putida_ML5_set12	312	3252000	24653	2046346	2040671	275	1411	427.097321054835	0.244244484229491	0.183575140049142	0.949373926930033	0.935587322942938	0.219194438026377	0.0321017160853529	-0.0257669056417131	3.78049384657802	carbon source	1,5-Pentanediol carbon source	Putida_ML5_JBEI	Matthew Incha	12-Feb-19	Putida_ML5_set12	IT038	MOPS minimal media_noCarbon	30		96 deep-well microplate; 1.2 mL volume	Aerobic	Liquid	700rpm	1,5-Pentanediol	mM	10	Dimethyl Sulfoxide	vol%	1								
Putida	set12IT039	1,4-Butanediol (C)	12-Feb-19 Putida_ML5_set12	313	3131993	28952	1883515	1878276	243	1411	393.109250732524	0.273279166153665	0.188072986967628	0.961525852185365	0.935587322942938	0.231814199537076	0.0453476910408387	-0.0427640400784819	7.33413519291047	carbon source	1,4-Butanediol carbon source	Putida_ML5_JBEI	Matthew Incha	12-Feb-19	Putida_ML5_set12	IT039	MOPS minimal media_noCarbon	30		96 deep-well microplate; 1.2 mL volume	Aerobic	Liquid	700rpm	1,4-Butanediol	mM	10	Dimethyl Sulfoxide	vol%	1								
Putida	set12IT044	Vanillic Acid (C)	12-Feb-19 Putida_ML5_set12	318	3074608	20023	1951225	1945730	275	1411	407.22687316869	0.262627357013287	0.198145263846549	0.947051120051041	0.935587322942938	0.233038811097385	0.0424685143449589	-0.041467016748838	1.83576511421409	carbon source	Vanillic Acid carbon source	Putida_ML5_JBEI	Matthew Incha	12-Feb-19	Putida_ML5_set12	IT044	MOPS minimal media_noCarbon	30		96 deep-well microplate; 1.2 mL volume	Aerobic	Liquid	700rpm	Vanillic Acid	mM	10	Dimethyl Sulfoxide	vol%	1								
Putida	set12IT046	4-Hydroxybenzoic Acid (C)	12-Feb-19 Putida_ML5_set12	320	2809454	15463	1796369	1791872	246	1411	375.025533696107	0.203732813534254	0.203513181321109	0.974909019037169	0.935587322942938	0.242456069060702	0.00420626616034403	-0.0357555052148432	2.8813600816856	carbon source	4-Hydroxybenzoic Acid carbon source	Putida_ML5_JBEI	Matthew Incha	12-Feb-19	Putida_ML5_set12	IT046	MOPS minimal media_noCarbon	30		96 deep-well microplate; 1.2 mL volume	Aerobic	Liquid	700rpm	4-Hydroxybenzoic Acid	mM	10	Dimethyl Sulfoxide	vol%	1								
Putida	set12IT054	p-Coumaric (C)	12-Feb-19 Putida_ML5_set12	328	2996274	18123	1905000	1899946	268	1411	397.64462118041	0.207046435348511	0.181269501916242	0.960829402719322	0.935587322942938	0.159693934344489	0.0211275609906807	-0.0382212652705351	1.99689424679645	carbon source	p-Coumaric acid carbon source	Putida_ML5_JBEI	Matthew Incha	12-Feb-19	Putida_ML5_set12	IT054	MOPS minimal media_noCarbon	30		96 deep-well microplate; 1.2 mL volume	Aerobic	Liquid	700rpm	p-Coumaric acid	mM	10	Dimethyl Sulfoxide	vol%	1								
Putida	set12IT055	benzoic (C)	12-Feb-19 Putida_ML5_set12	329	2918971	16661	1852190	1847072	262	1411	386.578484721641	0.188606486217748	0.22746768363294	0.957771764610703	0.935587322942938	0.154295066439898	0.019838581461815	-0.0235517275373111	1.84552081688072	carbon source	benzoic acid carbon source	Putida_ML5_JBEI	Matthew Incha	12-Feb-19	Putida_ML5_set12	IT055	MOPS minimal media_noCarbon	30		96 deep-well microplate; 1.2 mL volume	Aerobic	Liquid	700rpm	benzoic acid	mM	10	Dimethyl Sulfoxide	vol%	1								
Putida	set12IT056	Ferulic Acid (C)	12-Feb-19 Putida_ML5_set12	330	2703158	15575	1712090	1707806	227	1411	357.431142737547	0.235456855107114	0.205424301206419	0.944858445807538	0.935587322942938	0.251578813934658	0.0350969453341918	-0.0427045415546207	3.70890318084053	carbon source	Ferulic Acid carbon source	Putida_ML5_JBEI	Matthew Incha	12-Feb-19	Putida_ML5_set12	IT056	MOPS minimal media_noCarbon	30		96 deep-well microplate; 1.2 mL volume	Aerobic	Liquid	700rpm	Ferulic Acid	mM	10	Dimethyl Sulfoxide	vol%	1								
Putida	set12IT057	D-Glucose (C)	12-Feb-19 Putida_ML5_set12	331	2465850	17419	1563918	1559693	222	1411	326.432189200502	0.171762924238591	0.185000614652402	0.954196310386875	0.935587322942938	0.164233714051797	0.00945727504893289	-0.0171055858759626	1.40206807835838	carbon source	D-Glucose carbon source	Putida_ML5_JBEI	Matthew Incha	12-Feb-19	Putida_ML5_set12	IT057	MOPS minimal media_noCarbon	30		96 deep-well microplate; 1.2 mL volume	Aerobic	Liquid	700rpm	D-Glucose	mM	10	Dimethyl Sulfoxide	vol%	1								
Putida	set12IT058	L-Glutamic (C)	12-Feb-19 Putida_ML5_set12	332	2464804	20552	1558347	1554437	214	1411	325.332147341984	0.254454024413111	0.190466098622001	0.9648105715377	0.935587322942938	0.150528017844464	0.049086793755273	-0.0145553133338061	3.04225974696525	carbon source	L-Glutamic acid monopotassium salt monohydrate carbon source	Putida_ML5_JBEI	Matthew Incha	12-Feb-19	Putida_ML5_set12	IT058	MOPS minimal media_noCarbon	30		96 deep-well microplate; 1.2 mL volume	Aerobic	Liquid	700rpm	L-Glutamic acid monopotassium salt monohydrate	mM	10	Dimethyl Sulfoxide	vol%	1								
Putida	set12IT059	Phenylacetic (C)	12-Feb-19 Putida_ML5_set12	333	2469409	15134	1568445	1564953	208	1411	327.533068229385	0.240891697989679	0.205496737170775	0.961906828827926	0.935587322942938	0.202754047650641	0.0312229453601879	-0.049611567487126	3.2665100726947	carbon source	Phenylacetic acid carbon source	Putida_ML5_JBEI	Matthew Incha	12-Feb-19	Putida_ML5_set12	IT059	MOPS minimal media_noCarbon	30		96 deep-well microplate; 1.2 mL volume	Aerobic	Liquid	700rpm	Phenylacetic acid	mM	10	Dimethyl Sulfoxide	vol%	1								
Putida	set15IT054	Butyl stearate (C)	10/22/19 Putida_ML5_set15	380	4837387	14157	3085457	3076803	418	1009	643.952071996651	0.210862487211264	0.195657200007865	0.973032952399731	0.951636978438602	0.179248458635762	0.0195989369676615	0.00403897076612054	2.14552462277748	carbon source	Butyl stearate carbon source	Putida_ML5_JBEI	Mitchell Thompson	10/22/19	Putida_ML5_set15	IT054	MOPS minimal media_noCarbon	30		tube	Aerobic	Liquid	200 rpm	Butyl stearate	mM	10											
Putida	set15IT057	Hexanoic (C)	10/22/19 Putida_ML5_set15	383	3669036	22475	2356893	2353011	184	1009	492.46776894098	0.236676368964233	0.241655207910514	0.983126181435604	0.951636978438602	0.18166768899696	0.0324224684489385	-0.0198851509698265	5.72533270885861	carbon source	Hexanoic acid carbon source	Putida_ML5_JBEI	Mitchell Thompson	10/22/19	Putida_ML5_set15	IT057	MOPS minimal media_noCarbon	30		tube	Aerobic	Liquid	200 rpm	Hexanoic acid	mM	10											
Putida	set15IT058	Decanoic (C)	10/22/19 Putida_ML5_set15	384	3779617	23944	2393312	2386911	297	1009	499.562787777313	0.197688040308246	0.200924017841175	0.983925237141928	0.951636978438602	0.182487512999141	0.0212612277425326	-0.00473313520411011	2.45503333512116	carbon source	Decanoic acid carbon source	Putida_ML5_JBEI	Mitchell Thompson	10/22/19	Putida_ML5_set15	IT058	MOPS minimal media_noCarbon	30		tube	Aerobic	Liquid	200 rpm	Decanoic acid	mM	10											
Putida	set15IT059	Lauric (C)	10/22/19 Putida_ML5_set15	385	3935727	28412	2491287	2484293	320	1009	519.944118878192	0.18137287153529	0.188793828378502	0.973688722884153	0.951636978438602	0.180789915417581	0.0222906819056611	-0.00832792625830665	2.25401084777987	carbon source	Lauric acid carbon source	Putida_ML5_JBEI	Mitchell Thompson	10/22/19	Putida_ML5_set15	IT059	MOPS minimal media_noCarbon	30		tube	Aerobic	Liquid	200 rpm	Lauric acid	mM	10											
Putida	set15IT060	Valeric (C)	10/22/19 Putida_ML5_set15	386	3248869	16442	2033406	2028457	242	1009	424.541021347844	0.217360426377339	0.222452371338936	0.974004791467055	0.951636978438602	0.145407755040192	0.0490563678024669	0.00900887812992288	3.81446606732009	carbon source	Valeric acid carbon source	Putida_ML5_JBEI	Mitchell Thompson	10/22/19	Putida_ML5_set15	IT060	MOPS minimal media_noCarbon	30		tube	Aerobic	Liquid	200 rpm	Valeric acid	mM	10											
Putida	set15IT061	Octanoic (C)	10/22/19 Putida_ML5_set15	387	3667711	36633	2308249	2300760	293	1009	481.532021766429	0.180998762380813	0.250093011920824	1	0.951636978438602	0.0995741354609273	0.0552606495915934	-0.00507450940275761	2.04096749172545	carbon source	Octanoic acid carbon source	Putida_ML5_JBEI	Mitchell Thompson	10/22/19	Putida_ML5_set15	IT061	MOPS minimal media_noCarbon	30		tube	Aerobic	Liquid	200 rpm	Octanoic acid	mM	10											
Putida	set15IT062	Nonanoic (C)	10/22/19 Putida_ML5_set15	388	4223670	35806	2666340	2658996	337	1009	556.508162411051	0.190955496305606	0.213494276655334	0.977038851556689	0.951636978438602	0.169869218622288	0.0736772432661069	-0.00982169585914915	2.0798006029396	carbon source	Nonanoic acid carbon source	Putida_ML5_JBEI	Mitchell Thompson	10/22/19	Putida_ML5_set15	IT062	MOPS minimal media_noCarbon	30		tube	Aerobic	Liquid	200 rpm	Nonanoic acid	mM	10											
Putida	set15IT063	Tween 20 (C)	10/22/19 Putida_ML5_set15	389	3301894	28453	2077810	2071589	272	1009	433.56822938468	0.128076255600678	0.372436957006361	1.04541045968995	0.951636978438602	0.0675283493784078	0.0306350252850518	0.00185787912103463	3.56248039464198	carbon source	Tween 20 carbon source	Putida_ML5_JBEI	Mitchell Thompson	10/22/19	Putida_ML5_set15	IT063	MOPS minimal media_noCarbon	30		tube	Aerobic	Liquid	200 rpm	Tween 20	mM	10											
Putida	set15IT064	Myristic (C)	10/22/19 Putida_ML5_set15	390	4165515	35415	2635129	2627713	319	1009	549.960862285475	0.197870613538842	0.21760323898467	0.978069359930498	0.951636978438602	0.143107282208342	0.073147514937511	-0.0217502320768737	3.30485662987181	carbon source	Myristic acid carbon source	Putida_ML5_JBEI	Mitchell Thompson	10/22/19	Putida_ML5_set15	IT064	MOPS minimal media_noCarbon	30		tube	Aerobic	Liquid	200 rpm	Myristic acid	mM	10											
Putida	set15IT065	butyrate (C)	10/22/19 Putida_ML5_set15	391	4042515	16882	2460866	2456995	177	1009	514.23084972792	0.156346080159737	0.333514296615613	1.0146467759644	0.951636978438602	0.159416801136857	0.0453128453707176	0.00148516246924203	5.38539539164292	carbon source	Sodium butyrate carbon source	Putida_ML5_JBEI	Mitchell Thompson	10/22/19	Putida_ML5_set15	IT065	MOPS minimal media_noCarbon	30		tube	Aerobic	Liquid	200 rpm	Sodium butyrate	mM	10											
Putida	set15IT066	Oleic (C)	10/22/19 Putida_ML5_set15	392	4193633	50037	2652514	2643958	368	1009	553.360820426957	0.208366997038751	0.229433935532102	0.983511877211431	0.951636978438602	0.179714100184114	0.0716014931794762	-0.0242802068790999	1.65026757579769	carbon source	Oleic acid carbon source	Putida_ML5_JBEI	Mitchell Thompson	10/22/19	Putida_ML5_set15	IT066	MOPS minimal media_noCarbon	30		tube	Aerobic	Liquid	200 rpm	Oleic acid	mM	10											
Putida	set15IT067	Heptanoic (C)	10/22/19 Putida_ML5_set15	393	4578263	27308	2912096	2903873	398	1009	607.75910422771	0.176927478491025	0.198276226792338	0.981479912029202	0.951636978438602	0.209900525676552	0.0937195770004696	-0.0129267576956715	1.43496210204549	carbon source	Heptanoic acid carbon source	Putida_ML5_JBEI	Mitchell Thompson	10/22/19	Putida_ML5_set15	IT067	MOPS minimal media_noCarbon	30		tube	Aerobic	Liquid	200 rpm	Heptanoic acid	mM	10											
Putida	set15IT068	Butyl stearate (C)	10/22/19 Putida_ML5_set15	394	3525240	11112	2254994	2248120	307	1009	470.514859773964	0.230971962436524	0.211722614619225	0.958972731739945	0.951636978438602	0.195724830277894	0.0467478613077167	-0.00387655151746909	2.97188292960696	carbon source	Butyl stearate carbon source	Putida_ML5_JBEI	Mitchell Thompson	10/22/19	Putida_ML5_set15	IT068	MOPS minimal media_noCarbon	30		tube	Aerobic	Liquid	200 rpm	Butyl stearate	mM	10											
Putida	set15IT071	Hexanoic (C)	10/22/19 Putida_ML5_set15	397	3841928	17430	2432918	2427073	290	1009	507.968396818753	0.165213050264096	0.251733493812815	0.984893107609792	0.951636978438602	0.119860289018537	0.0393985940379954	0.0023663273530243	3.34830146572317	carbon source	Hexanoic acid carbon source	Putida_ML5_JBEI	Mitchell Thompson	10/22/19	Putida_ML5_set15	IT071	MOPS minimal media_noCarbon	30		tube	Aerobic	Liquid	200 rpm	Hexanoic acid	mM	10											
Putida	set15IT072	Decanoic (C)	10/22/19 Putida_ML5_set15	398	3345535	20989	2114879	2109187	260	1009	441.437212222687	0.185584316067323	0.216193875734485	0.993146328958938	0.951636978438602	0.158056504529408	0.0718140169372846	-0.013616146177791	2.49467677415179	carbon source	Decanoic acid carbon source	Putida_ML5_JBEI	Mitchell Thompson	10/22/19	Putida_ML5_set15	IT072	MOPS minimal media_noCarbon	30		tube	Aerobic	Liquid	200 rpm	Decanoic acid	mM	10											
Putida	set15IT073	Lauric (C)	10/22/19 Putida_ML5_set15	399	3627715	26329	2296080	2288899	295	1009	479.049602344077	0.189433691130268	0.203353447127961	0.969509632778278	0.951636978438602	0.135977656387307	0.049442752376923	-0.0107123263709095	2.07926520175083	carbon source	Lauric acid carbon source	Putida_ML5_JBEI	Mitchell Thompson	10/22/19	Putida_ML5_set15	IT073	MOPS minimal media_noCarbon	30		tube	Aerobic	Liquid	200 rpm	Lauric acid	mM	10											
Putida	set15IT074	Valeric (C)	10/22/19 Putida_ML5_set15	400	4166199	25930	2595919	2589455	298	1009	541.95374633738	0.188962819938527	0.24423582824018	1	0.951636978438602	0.201356400803034	0.0834843131977876	0.0134836425788557	4.68314238969506	carbon source	Valeric acid carbon source	Putida_ML5_JBEI	Mitchell Thompson	10/22/19	Putida_ML5_set15	IT074	MOPS minimal media_noCarbon	30		tube	Aerobic	Liquid	200 rpm	Valeric acid	mM	10											
Putida	set15IT075	Octanoic (C)	10/22/19 Putida_ML5_set15	401	3845041	23063	2426082	2419570	302	1009	506.398074508162	0.18010964917059	0.204906385457768	0.98332125885337	0.951636978438602	0.184352847541844	0.0523442273908347	-0.00981882810628195	2.26043007899404	carbon source	Octanoic acid carbon source	Putida_ML5_JBEI	Mitchell Thompson	10/22/19	Putida_ML5_set15	IT075	MOPS minimal media_noCarbon	30		tube	Aerobic	Liquid	200 rpm	Octanoic acid	mM	10											
Putida	set15IT076	Nonanoic (C)	10/22/19 Putida_ML5_set15	402	3849032	33079	2435874	2430068	315	1009	508.595228128924	0.223949193527347	0.213480811945397	0.984569959430393	0.951636978438602	0.161045203741172	0.0608801590603429	-0.00581972289346316	1.97081445632731	carbon source	Nonanoic acid carbon source	Putida_ML5_JBEI	Mitchell Thompson	10/22/19	Putida_ML5_set15	IT076	MOPS minimal media_noCarbon	30		tube	Aerobic	Liquid	200 rpm	Nonanoic acid	mM	10											
Putida	set15IT077	Tween 20 (C)	10/22/19 Putida_ML5_set15	403	3629960	33747	2280860	2274266	296	1009	475.987023859355	0.161121268530941	0.372886817895951	1.0432120668213	0.951636978438602	0.0635895534742301	0.0105492207711956	-0.0100682511023981	3.75047421943183	carbon source	Tween 20 carbon source	Putida_ML5_JBEI	Mitchell Thompson	10/22/19	Putida_ML5_set15	IT077	MOPS minimal media_noCarbon	30		tube	Aerobic	Liquid	200 rpm	Tween 20	mM	10											
Putida	set15IT078	Myristic (C)	10/22/19 Putida_ML5_set15	404	4085319	38729	2582458	2574467	332	1009	538.816868982838	0.221307940799765	0.206680418826686	0.975196608999427	0.951636978438602	0.173851878686106	0.0464416594247576	-0.025358203814438	2.38601062015665	carbon source	Myristic acid carbon source	Putida_ML5_JBEI	Mitchell Thompson	10/22/19	Putida_ML5_set15	IT078	MOPS minimal media_noCarbon	30		tube	Aerobic	Liquid	200 rpm	Myristic acid	mM	10											
Putida	set15IT079	butyrate (C)	10/22/19 Putida_ML5_set15	405	4081081	14085	2501164	2496913	190	1009	522.585391377145	0.186549589422511	0.289462130464407	1	0.951636978438602	0.12975229484456	0.0488263400615843	-0.0219436175413583	5.23176682090121	carbon source	Sodium butyrate carbon source	Putida_ML5_JBEI	Mitchell Thompson	10/22/19	Putida_ML5_set15	IT079	MOPS minimal media_noCarbon	30		tube	Aerobic	Liquid	200 rpm	Sodium butyrate	mM	10											
Putida	set15IT080	Oleic (C)	10/22/19 Putida_ML5_set15	406	3262646	27710	2068928	2064189	281	1009	432.019464210967	0.134191543399082	0.23635798568724	0.993242633824693	0.951636978438602	0.141295195413573	0.0403961849268506	-0.00458361709929309	1.66320792054068	carbon source	Oleic acid carbon source	Putida_ML5_JBEI	Mitchell Thompson	10/22/19	Putida_ML5_set15	IT080	MOPS minimal media_noCarbon	30		tube	Aerobic	Liquid	200 rpm	Oleic acid	mM	10											
Putida	set15IT081	Heptanoic (C)	10/22/19 Putida_ML5_set15	407	4092982	23991	2597555	2590180	350	1009	542.105483465885	0.200169999223346	0.196903334074749	0.985500430304885	0.951636978438602	0.199115036024467	0.0984054216220625	-0.00872061817197076	1.32692076022719	carbon source	Heptanoic acid carbon source	Putida_ML5_JBEI	Mitchell Thompson	10/22/19	Putida_ML5_set15	IT081	MOPS minimal media_noCarbon	30		tube	Aerobic	Liquid	200 rpm	Heptanoic acid	mM	10											
Putida	set16IT004	Butanol (C)	9/5/19 Putida_ML5_set16	411	3541978	32130	2236536	2228994	321	854.5	466.511929677689	0.187769728185266	0.150384201834165	0.932635053286415	0.940397846680158	0.178448191307926	0.0474574933952294	-0.0442674930902716	0.871609026915468	carbon source	Butanol carbon source	Putida_ML5_JBEI	Mitchell Thompson	9/5/19	Putida_ML5_set16	IT004	MOPS minimal media_noCarbon	30		tube	Aerobic	Liquid	200 rpm	Butanol	mM	10											
Putida	set16IT005	Butanol (C)	9/5/19 Putida_ML5_set16	412	3754205	34675	2372916	2363300	342	854.5	494.621180410213	0.191848104539813	0.153205337543592	0.941583313774678	0.940397846680158	0.204495308207841	-0.0162234264744967	-0.0404863704416907	1.09770725953347	carbon source	Butanol carbon source	Putida_ML5_JBEI	Mitchell Thompson	9/5/19	Putida_ML5_set16	IT005	MOPS minimal media_noCarbon	30		tube	Aerobic	Liquid	200 rpm	Butanol	mM	10											
Putida	set16IT006	1,3-Butandiol (C)	9/5/19 Putida_ML5_set16	413	3538993	42177	2225582	2218084	316	854.5	464.228547509418	0.233967837790018	0.159232524248065	0.940293753875733	0.940397846680158	0.222280982438165	0.00222809790709652	-0.0308613852244875	1.78471337609783	carbon source	1,3-Butandiol carbon source	Putida_ML5_JBEI	Mitchell Thompson	9/5/19	Putida_ML5_set16	IT006	MOPS minimal media_noCarbon	30		tube	Aerobic	Liquid	200 rpm	1,3-Butandiol	mM	10											
Putida	set16IT007	1,3-Butandiol (C)	9/5/19 Putida_ML5_set16	414	3240876	28561	2044915	2038105	286	854.5	426.56027626622	0.224452280920264	0.164562545522422	0.945138064965482	0.940397846680158	0.199599282984419	0.0516025087576491	-0.0332246630251447	2.0225619518452	carbon source	1,3-Butandiol carbon source	Putida_ML5_JBEI	Mitchell Thompson	9/5/19	Putida_ML5_set16	IT007	MOPS minimal media_noCarbon	30		tube	Aerobic	Liquid	200 rpm	1,3-Butandiol	mM	10											
Putida	set16IT008	3-methyl-3-butenol (C)	9/5/19 Putida_ML5_set16	415	2981642	30361	1875696	1870098	263	854.5	391.39765592298	0.199284369408109	0.160343848427988	0.949959317500404	0.940397846680158	0.187369051120141	0.00797905498590069	-0.0417523653422581	1.67756124589523	carbon source	3-methyl-3-butenol carbon source	Putida_ML5_JBEI	Mitchell Thompson	9/5/19	Putida_ML5_set16	IT008	MOPS minimal media_noCarbon	30		tube	Aerobic	Liquid	200 rpm	3-methyl-3-butenol	mM	10											
Putida	set16IT009	3-methyl-3-butenol (C)	9/5/19 Putida_ML5_set16	416	2599781	26406	1631857	1627565	226	854.5	340.637295939724	0.204758333464517	0.165994695007071	0.930737337562887	0.940397846680158	0.16100877737794	0.0477880202026887	-0.0371426764961078	2.18801813210356	carbon source	3-methyl-3-butenol carbon source	Putida_ML5_JBEI	Mitchell Thompson	9/5/19	Putida_ML5_set16	IT009	MOPS minimal media_noCarbon	30		tube	Aerobic	Liquid	200 rpm	3-methyl-3-butenol	mM	10											
Putida	set16IT010	3-methyl-1-butanol (C)	9/5/19 Putida_ML5_set16	417	3099677	16434	1948713	1943692	256	854.5	406.800334868146	0.334730005592283	0.177322788114914	0.941106310946432	0.940397846680158	0.276639864297863	0.0968540204789452	-0.0556348498390702	2.54230604048495	carbon source	3-methyl-1-butanol carbon source	Putida_ML5_JBEI	Mitchell Thompson	9/5/19	Putida_ML5_set16	IT010	MOPS minimal media_noCarbon	30		tube	Aerobic	Liquid	200 rpm	3-methyl-1-butanol	mM	10											
Putida	set16IT011	3-methyl-1-butanol (C)	9/5/19 Putida_ML5_set16	418	2902616	15793	1834941	1830623	248	854.5	383.135830891586	0.368973879687005	0.188931129148329	0.975752453753323	0.940397846680158	0.317140200016173	0.0518668473356949	-0.0672499035269565	1.9435074678156	carbon source	3-methyl-1-butanol carbon source	Putida_ML5_JBEI	Mitchell Thompson	9/5/19	Putida_ML5_set16	IT011	MOPS minimal media_noCarbon	30		tube	Aerobic	Liquid	200 rpm	3-methyl-1-butanol	mM	10											
Putida	set16IT012	1-Pentanol (C)	9/5/19 Putida_ML5_set16	419	2667173	19298	1680338	1675816	232	854.5	350.735872750105	0.229978143563222	0.173350207243565	0.953205788521059	0.940397846680158	0.235806054361746	0.0178586429483432	-0.0326336116942518	2.15145497371726	carbon source	1-Pentanol carbon source	Putida_ML5_JBEI	Mitchell Thompson	9/5/19	Putida_ML5_set16	IT012	MOPS minimal media_noCarbon	30		tube	Aerobic	Liquid	200 rpm	1-Pentanol	mM	10											
Putida	set16IT013	1-Pentanol (C)	9/5/19 Putida_ML5_set16	420	3321195	24074	2090637	2084459	290	854.5	436.261825031394	0.242326613943156	0.159343908900198	0.934112064343543	0.940397846680158	0.201095229557183	0.0312089610028279	-0.0385768291696134	2.42425011162208	carbon source	1-Pentanol carbon source	Putida_ML5_JBEI	Mitchell Thompson	9/5/19	Putida_ML5_set16	IT013	MOPS minimal media_noCarbon	30		tube	Aerobic	Liquid	200 rpm	1-Pentanol	mM	10											
Putida	set16IT014	Ethanol (C)	9/5/19 Putida_ML5_set16	421	3720333	32513	2347540	2339630	338	854.5	489.667224780243	0.189497857289767	0.149047116383994	0.925999418556223	0.940397846680158	0.175268081613643	0.00517609780199966	-0.0338042062447648	0.854853482242781	carbon source	Ethanol carbon source	Putida_ML5_JBEI	Mitchell Thompson	9/5/19	Putida_ML5_set16	IT014	MOPS minimal media_noCarbon	30		tube	Aerobic	Liquid	200 rpm	Ethanol	mM	10											
Putida	set16IT015	Ethanol (C)	9/5/19 Putida_ML5_set16	422	3376660	29337	2132123	2125664	303.5	854.5	444.885726245291	0.188197107332005	0.15779953820313	0.937173162544561	0.940397846680158	0.201468420862332	0.0376613197650838	-0.0287435314283028	1.12298630998042	carbon source	Ethanol carbon source	Putida_ML5_JBEI	Mitchell Thompson	9/5/19	Putida_ML5_set16	IT015	MOPS minimal media_noCarbon	30		tube	Aerobic	Liquid	200 rpm	Ethanol	mM	10											
Putida	set1IT078	Glucose (C) (40mM)	7/20/20 Putida_ML5_set1	3	1527343	24684	957589	954145	140	292	199.695479280033	0.145396636808867	0.212755727820194	0.935869662580284	0.914270125974117	0.0959045011863088	0.0259166575257553	-0.0327385066006537	1.33099877393238	carbon source	Glucose carbon source (40mM)	Putida_ML5	Kelly	7/20/20	Putida_ML5_set1	IT078	RCH2_defined_noCarbon	30	7	tube	Aerobic	Liquid	200 rpm	D-Glucose	mM	40											
Putida	set1IT079	Glucose (C) (40mM)	7/20/20 Putida_ML5_set1	4	1377214	22168	862208	859234	128	292	179.83131017162	0.133243033550737	0.228392652197679	0.941106310946432	0.914270125974117	0.0679404462672785	0.0309383757504187	-0.0148957408993801	2.25992971544454	carbon source	Glucose carbon source (40mM)	Putida_ML5	Kelly	7/20/20	Putida_ML5_set1	IT079	RCH2_defined_noCarbon	30	7	tube	Aerobic	Liquid	200 rpm	D-Glucose	mM	40											
Putida	set1IT080	Glucose (C) (20mM)	7/20/20 Putida_ML5_set1	5	1733143	27218	1086034	1082364	161	292	226.530766010883	0.14310513150475	0.217277150379738	0.9485309850183	0.914270125974117	0.119290164263192	0.0588541578021453	-0.0341983242903465	2.45018295259547	carbon source	Glucose carbon source (20mM)	Putida_ML5	Kelly	7/20/20	Putida_ML5_set1	IT080	RCH2_defined_noCarbon	30	7	tube	Aerobic	Liquid	200 rpm	D-Glucose	mM	20											
Putida	set1IT081	Glucose (C) (20mM)	7/20/20 Putida_ML5_set1	6	1421737	22211	891369	888217	131	292	185.897237337798	0.143453545061727	0.227694043033392	0.938599455335857	0.914270125974117	0.144932656768235	0.0262916115065456	-0.0422857001484723	2.38177766187115	carbon source	Glucose carbon source (20mM)	Putida_ML5	Kelly	7/20/20	Putida_ML5_set1	IT081	RCH2_defined_noCarbon	30	7	tube	Aerobic	Liquid	200 rpm	D-Glucose	mM	20											
Putida	set1IT082	4-Hydroxyvalerate (C) (40mM)	7/20/20 Putida_ML5_set1	7	1823519	30197	1168236	1164517	148	292	243.724780242779	0.34780713287818	0.231760087063989	0.947532580105864	0.914270125974117	0.205017494417309	0.0119083333661721	-0.0340904531612538	7.39144640173529	carbon source	4-Hydroxyvalerate carbon source (40mM)	Putida_ML5	Kelly	7/20/20	Putida_ML5_set1	IT082	RCH2_defined_noCarbon	30	7	tube	Aerobic	Liquid	200 rpm	4-Hydroxyvalerate	mM	40											
Putida	set1IT083	4-Hydroxyvalerate (C) (40mM)	7/20/20 Putida_ML5_set1	8	1545424	27642	993456	990132	117	292	207.227291753872	0.288933411222323	0.246843758886354	0.942597688955077	0.914270125974117	0.172671676909697	0.0884533053068905	-0.041270134563973	8.09041483883474	carbon source	4-Hydroxyvalerate carbon source (40mM)	Putida_ML5	Kelly	7/20/20	Putida_ML5_set1	IT083	RCH2_defined_noCarbon	30	7	tube	Aerobic	Liquid	200 rpm	4-Hydroxyvalerate	mM	40											
Putida	set1IT084	Acetate Carbon Source (20mM)	7/20/20 Putida_ML5_set1	9	1779028	11828	1120900	1117686	152	292	233.923398911679	0.181877497220241	0.214036393124276	0.948005362361739	0.914270125974117	0.116190896148186	0.0262935105046868	-0.0383337621783882	4.96928678921327	carbon source	Potassium Acetate Carbon Source (20mM)	Putida_ML5	Kelly	7/20/20	Putida_ML5_set1	IT084	RCH2_defined_noCarbon	30	7	tube	Aerobic	Liquid	200 rpm	Potassium acetate	mM	20											
Putida	set1IT085	Acetate Carbon Source (20mM)	7/20/20 Putida_ML5_set1	10	1733495	12359	1091602	1088149	147	292	227.741523650063	0.161479404652659	0.251205656277479	0.955800196089466	0.914270125974117	0.116605671435414	0.0113335549914768	-0.0404148750507435	4.93957126078462	carbon source	Potassium Acetate Carbon Source (20mM)	Putida_ML5	Kelly	7/20/20	Putida_ML5_set1	IT085	RCH2_defined_noCarbon	30	7	tube	Aerobic	Liquid	200 rpm	Potassium acetate	mM	20											
Putida	set1IT086	Acetate Carbon Source (5mM)	7/20/20 Putida_ML5_set1	11	1587425	6595	1004973	1001173	143	292	209.53809125157	0.187419637604348	0.216146968077125	0.931287249915986	0.914270125974117	0.0818798769290798	0.0255031017714314	-0.0160741403302309	3.80471676912268	carbon source	Potassium Acetate Carbon Source (5mM)	Putida_ML5	Kelly	7/20/20	Putida_ML5_set1	IT086	RCH2_defined_noCarbon	30	7	tube	Aerobic	Liquid	200 rpm	Potassium acetate	mM	5											
Putida	set1IT087	Acetate Carbon Source (5mM)	7/20/20 Putida_ML5_set1	12	1666736	6506	1055245	1051694	151	292	220.111762243617	0.195959260183867	0.242912628332402	0.927649155775316	0.914270125974117	0.127096856866728	0.00546671609432733	-0.0288920093185622	3.69645995397556	carbon source	Potassium Acetate Carbon Source (5mM)	Putida_ML5	Kelly	7/20/20	Putida_ML5_set1	IT087	RCH2_defined_noCarbon	30	7	tube	Aerobic	Liquid	200 rpm	Potassium acetate	mM	5											
Putida	set5IT075	D-Glucose (C)	27-Feb-17 Putida_ML5_set5	65	2884548	39317	1809406	1803392	268	504	377.436584344914	0.121199501616231	0.196037285258197	0.930097986769844	0.911772816988264	0.0977770733537992	0.0102462010741291	-0.0163772155498105	0.976155559600261	carbon source	D-Glucose carbon source	Putida_ML5	Jayashree	27-Feb-17	Putida_ML5_set5	IT075	RCH2_defined_noCarbon	30	7	24-well transparent microplate; Multitron	Aerobic	Liquid	700 rpm	D-Glucose	mM	20											
Putida	set5IT076	D-Glucose (C)	27-Feb-17 Putida_ML5_set5	66	2827352	38577	1775893	1769625	263	504	370.36940142319	0.130149842864489	0.189952406294793	0.935459747805289	0.911772816988264	0.120607559828595	0.000269570703881053	-0.00907738540320495	1.13216914757357	carbon source	D-Glucose carbon source	Putida_ML5	Jayashree	27-Feb-17	Putida_ML5_set5	IT076	RCH2_defined_noCarbon	30	7	24-well transparent microplate; Multitron	Aerobic	Liquid	700 rpm	D-Glucose	mM	20											
Putida	set5IT081	Levulinic Acid (C)	27-Feb-17 Putida_ML5_set5	71	2674601	34329	1685093	1680305	241	504	351.675387191293	0.253006842926861	0.209341702788595	0.947532580105864	0.911772816988264	0.206544300525922	0.0105086073569104	-0.044363734265744	2.76018576378624	carbon source	Levulinic Acid carbon source	Putida_ML5	Jayashree	27-Feb-17	Putida_ML5_set5	IT081	RCH2_defined_noCarbon	30	7	24-well transparent microplate; Multitron	Aerobic	Liquid	700 rpm	Levulinic Acid	mM	40											
Putida	set5IT082	Levulinic Acid (C)	27-Feb-17 Putida_ML5_set5	72	2803407	38934	1759988	1755198	255	504	367.349937212223	0.267208649590058	0.210340915889962	0.932885804141463	0.911772816988264	0.200605744494157	0.0535749371556471	-0.0396024077404212	1.9353603888271	carbon source	Levulinic Acid carbon source	Putida_ML5	Jayashree	27-Feb-17	Putida_ML5_set5	IT082	RCH2_defined_noCarbon	30	7	24-well transparent microplate; Multitron	Aerobic	Liquid	700 rpm	Levulinic Acid	mM	40											
Putida	set5IT083	Levulinic Acid (C)	27-Feb-17 Putida_ML5_set5	73	2646625	34190	1658826	1653933	237	504	346.155922980327	0.225393833975495	0.19564763025726	0.914448555884787	0.911772816988264	0.141933264233744	0.0788010751550498	-0.0384398207958325	3.44212941404082	carbon source	Levulinic Acid carbon source	Putida_ML5	Jayashree	27-Feb-17	Putida_ML5_set5	IT083	RCH2_defined_noCarbon	30	7	24-well transparent microplate; Multitron	Aerobic	Liquid	700 rpm	Levulinic Acid	mM	20											
Putida	set5IT084	Levulinic Acid (C)	27-Feb-17 Putida_ML5_set5	74	3188768	42141	1995806	1989983	284	504	416.488698200084	0.220981860835722	0.189310012298602	0.917861713429522	0.911772816988264	0.179485706700834	0.0871576061863002	-0.0319898809689188	3.63348975402855	carbon source	Levulinic Acid carbon source	Putida_ML5	Jayashree	27-Feb-17	Putida_ML5_set5	IT084	RCH2_defined_noCarbon	30	7	24-well transparent microplate; Multitron	Aerobic	Liquid	700 rpm	Levulinic Acid	mM	20											
Putida	set5IT085	Vanillin (C)	27-Feb-17 Putida_ML5_set5	75	2676087	13080	1694095	1688471	249	504	353.384470489745	0.29790488378832	0.21677614946936	0.949016071281195	0.911772816988264	0.284291802639153	0.0328030696513261	-0.0569732360318409	1.8754195523545	carbon source	Vanillin carbon source	Putida_ML5	Jayashree	27-Feb-17	Putida_ML5_set5	IT085	RCH2_defined_noCarbon	30	7	24-well transparent microplate; Multitron	Aerobic	Liquid	700 rpm	Vanillin	mM	5	Dimethyl Sulfoxide	vol%	0.5								
Putida	set5IT086	Vanillin (C)	27-Feb-17 Putida_ML5_set5	76	2488010	11874	1578181	1573154	231	504	329.249476768522	0.271595174197536	0.217906611890321	0.936184902402557	0.911772816988264	0.233083411149918	0.031350831937479	-0.067258864238942	1.57446841780276	carbon source	Vanillin carbon source	Putida_ML5	Jayashree	27-Feb-17	Putida_ML5_set5	IT086	RCH2_defined_noCarbon	30	7	24-well transparent microplate; Multitron	Aerobic	Liquid	700 rpm	Vanillin	mM	5	Dimethyl Sulfoxide	vol%	0.5								
Putida	set5IT087	p-Coumaric (C)	27-Feb-17 Putida_ML5_set5	77	2433936	10975	1542057	1536599	226	504	321.598786102972	0.198288504443187	0.200031446431459	0.943416471633633	0.911772816988264	0.195615809247563	0.0449847193954805	-0.0262707835027718	1.9197573441709	carbon source	p-Coumaric acid carbon source	Putida_ML5	Jayashree	27-Feb-17	Putida_ML5_set5	IT087	RCH2_defined_noCarbon	30	7	24-well transparent microplate; Multitron	Aerobic	Liquid	700 rpm	p-Coumaric acid	mM	5	Dimethyl Sulfoxide	vol%	0.5								
Putida	set5IT088	p-Coumaric (C)	27-Feb-17 Putida_ML5_set5	78	2617117	11910	1659953	1654328	242	504	346.238593553788	0.221403552790318	0.196385595370122	0.941897045436432	0.911772816988264	0.174054635486132	0.00875873836456523	-0.0366638683634479	1.90894609750451	carbon source	p-Coumaric acid carbon source	Putida_ML5	Jayashree	27-Feb-17	Putida_ML5_set5	IT088	RCH2_defined_noCarbon	30	7	24-well transparent microplate; Multitron	Aerobic	Liquid	700 rpm	p-Coumaric acid	mM	5	Dimethyl Sulfoxide	vol%	0.5								
Putida	set6IT057	D-Glucose (C)	12/8/17 Putida_ML5_set6	81	2254100	21082	1423664	1420212	199	608	297.239849309334	0.134457478592789	0.191069665383238	0.957771764610703	0.948774676644827	0.084387906674195	0.0213530870746669	-0.0353803571872193	1.52225531277339	carbon source	D-Glucose carbon source	Putida_ML5	Mitch	12/8/17	Putida_ML5_set6	IT057	MOPS minimal media_noCarbon	30		48 well microplate; Tecan Infinite F200	Aerobic	Liquid	200 rpm	D-Glucose	mM	10											
Putida	set6IT059	Ferulic Acid (C)	12/8/17 Putida_ML5_set6	83	2268649	17157	1396540	1394017	144	608	291.757429886982	0.207778016845497	0.221720948743891	0.950417971149439	0.948774676644827	0.2243033115299	0.0157843289466472	-0.0448969149182071	5.00539436754667	carbon source	Ferulic Acid carbon source	Putida_ML5	Mitch	12/8/17	Putida_ML5_set6	IT059	MOPS minimal media_noCarbon	30		48 well microplate; Tecan Infinite F200	Aerobic	Liquid	200 rpm	Ferulic Acid	mM	10											
Putida	set6IT061	benzoic (C)	12/8/17 Putida_ML5_set6	85	2645426	24820	1672306	1668335	233	608	349.170154876517	0.173418904275645	0.195416518090831	0.956931278108114	0.948774676644827	0.154635920753222	0.0243331807376507	-0.0432520489141198	1.69242347108996	carbon source	benzoic acid carbon source	Putida_ML5	Mitch	12/8/17	Putida_ML5_set6	IT061	MOPS minimal media_noCarbon	30		48 well microplate; Tecan Infinite F200	Aerobic	Liquid	200 rpm	benzoic acid	mM	5											
Putida	set6IT064	Valerolactam (C)	12/8/17 Putida_ML5_set6	88	2350358	23282	1483958	1480183	209	608	309.791335286731	0.164753464505005	0.190398108324167	0.957250352540663	0.948774676644827	0.16914424359649	0.0455137921971812	-0.0520537840341892	1.35614853897798	carbon source	Valerolactam carbon source	Putida_ML5	Mitch	12/8/17	Putida_ML5_set6	IT064	MOPS minimal media_noCarbon	30		48 well microplate; Tecan Infinite F200	Aerobic	Liquid	200 rpm	2-Piperidinone	mM	10											
Putida	set7IT042	4-Aminobutyric 10 mM (C)	4/25/18 Putida_ML5_set7	104	2732272	47867	1653675	1649252	178	668.5	345.176224361658	0.119063743892216	0.335124512346525	1.00444590503119	0.948113258335032	0.0568303953680803	0.0767696348692402	-0.00888759682494171	3.28275623217046	carbon source	4-Aminobutyric acid 10 mM carbon source	Putida_ML5_JBEI	Mitchell Thompson	4/25/18	Putida_ML5_set7	IT042	MOPS minimal media_noCarbon	30		tube	Aerobic	Liquid	200 rpm	4-Aminobutyric acid	mM	10											
Putida	set7IT044	5-Aminovaleric 10 mM (C)	4/25/18 Putida_ML5_set7	106	3053466	44886	1871843	1866325	223.5	668.5	390.607994976978	0.154400572845264	0.29980673038312	0.983293667267601	0.948113258335032	0.0911340177655667	-0.00572876748420647	-0.0243918508747503	3.24373263526941	carbon source	5-Aminovaleric acid 10 mM carbon source	Putida_ML5_JBEI	Mitchell Thompson	4/25/18	Putida_ML5_set7	IT044	MOPS minimal media_noCarbon	30		tube	Aerobic	Liquid	200 rpm	5-Aminovaleric acid	mM	10											
Putida	set7IT045	Valerolactam 10 mM (C)	4/25/18 Putida_ML5_set7	107	2992718	19811	1808223	1804265	169	668.5	377.619296776894	0.175695255567065	0.242327914333482	0.947532580105864	0.948113258335032	0.144235539953828	0.0482935933431419	-0.00916183728129465	3.88208432647531	carbon source	Valerolactam 10 mM carbon source	Putida_ML5_JBEI	Mitchell Thompson	4/25/18	Putida_ML5_set7	IT045	MOPS minimal media_noCarbon	30		tube	Aerobic	Liquid	200 rpm	2-Piperidinone	mM	10											
Putida	set7IT055	L-Lysine 10 mM (C)	4/26/18 Putida_ML5_set7	117	3231793	22362	1986566	1982058	205	788	414.830054416074	0.210081617123748	0.254787852988787	0.970853654340484	0.932885804141463	0.212046791342242	0.00980844787720875	-0.0604927733905289	5.40123588928751	carbon source	L-Lysine 10 mM carbon source	Putida_ML5_JBEI	Mitchell Thompson	4/26/18	Putida_ML5_set7	IT055	MOPS minimal media_noCarbon	30		tube	Aerobic	Liquid	200 rpm	L-Lysine	mM	10											
Putida	set7IT056	D-Lysine 10 mM (C)	4/26/18 Putida_ML5_set7	118	2812760	41806	1754059	1748889	232	788	366.029510255337	0.171488973698152	0.288555199732957	0.973282661624221	0.932885804141463	0.111470273810561	-0.0235191284805838	-0.04134780212291	4.21285119785891	carbon source	D-Lysine 10 mM carbon source	Putida_ML5_JBEI	Mitchell Thompson	4/26/18	Putida_ML5_set7	IT056	MOPS minimal media_noCarbon	30		tube	Aerobic	Liquid	200 rpm	D-Lysine	mM	10											
Putida	set7IT057	5-Aminovaleric 10 mM (C)	4/26/18 Putida_ML5_set7	119	2724486	32709	1704140	1698873	233	788	355.561532021766	0.184144882758114	0.234096523012591	0.952694285221644	0.932885804141463	0.164004274908744	0.0484244710382888	-0.00922598509642964	2.82309308883513	carbon source	5-Aminovaleric acid 10 mM carbon source	Putida_ML5_JBEI	Mitchell Thompson	4/26/18	Putida_ML5_set7	IT057	MOPS minimal media_noCarbon	30		tube	Aerobic	Liquid	200 rpm	5-Aminovaleric acid	mM	10											
Putida	set7IT062	D-Lysine 10 mM (C)	5/3/18 Putida_ML5_set7	124	3016352	45654	1876422	1870483	245.5	449	391.478233570532	0.186074961248302	0.268530333151023	0.972519263577893	0.947532580105864	0.185736599278065	0.0336467702779581	-0.0464264164537717	4.13505364437763	carbon source	D-Lysine 10 mM carbon source	Putida_ML5_JBEI	Mitchell Thompson	5/3/18	Putida_ML5_set7	IT062	MOPS minimal media_noCarbon	30		tube	Aerobic	Liquid	200 rpm	D-Lysine	mM	10											
